country,region,happiness_rank,happiness_score,standard_error,gdp_per_capita,social_support,healthy_life_expectancy,freedom,perceptions_of_corruption,generosity,dystopia_residual,survey_year,lower_confidence_interval,upper_confidence_interval,previous_survey_year,happiness_score_lag1,happiness_score_yoy_change,happiness_score_yoy_pct_change,gdp_per_capita_lag1,gdp_per_capita_yoy_change,gdp_per_capita_yoy_pct_change,social_support_lag1,social_support_yoy_change,social_support_yoy_pct_change,healthy_life_expectancy_lag1,healthy_life_expectancy_yoy_change,healthy_life_expectancy_yoy_pct_change,freedom_lag1,freedom_yoy_change,freedom_yoy_pct_change,perceptions_of_corruption_lag1,perceptions_of_corruption_yoy_change,perceptions_of_corruption_yoy_pct_change,generosity_lag1,generosity_yoy_change,generosity_yoy_pct_change,gdp_percentile,gdp_quartile,peer_median_happiness,happiness_vs_peers,social_support_percentile,healthy_life_expectancy_percentile,freedom_percentile,perceptions_of_corruption_percentile,generosity_percentile,social_support_peer_median,social_support_peer_gap,healthy_life_expectancy_peer_median,healthy_life_expectancy_peer_gap,freedom_peer_median,freedom_peer_gap,perceptions_of_corruption_peer_median,perceptions_of_corruption_peer_gap,generosity_peer_median,generosity_peer_gap
Brazil,Latin America and Caribbean,16,6.983,0.04076,0.98124,1.23287,0.69702,0.49049,0.17521,0.14574,3.26001,2015,,,,,,,,,,,,,,,,,,,,,,,,,0.5632911392405063,Q3: Upper-middle,5.605,1.3779999999999992,0.7848101265822784,0.5063291139240507,0.6455696202531646,0.740506329113924,0.2468354430379747,0.6265822784810127,15.822784810126578,0.6012658227848101,-9.493670886075945,0.35443037974683544,29.11392405063291,0.44936708860759494,29.113924050632907,0.2468354430379747,0.0
Brazil,Latin America and Caribbean,17,6.952,,1.08754,1.03938,0.61415,0.40425,0.14166,0.15776,3.50733,2016,6.875,7.029,2015.0,6.983,-0.030999999999999694,-0.4439352713733309,0.98124,0.10629999999999995,10.83323142146671,1.23287,-0.19348999999999994,-15.6942743354936,0.69702,-0.08287,-11.88918538922843,0.49049,-0.08623999999999998,-17.58241758241758,0.17521,-0.033549999999999996,-19.148450430911478,0.14574,0.012020000000000003,8.247564155345136,0.5668789808917197,Q3: Upper-middle,5.648,1.3040000000000003,0.7898089171974523,0.5159235668789809,0.535031847133758,0.6687898089171974,0.267515923566879,0.6369426751592356,15.286624203821663,0.6050955414012739,-8.917197452229297,0.43312101910828027,10.191082802547768,0.445859872611465,22.292993630573243,0.2611464968152866,0.6369426751592355
Brazil,,22,6.63500022888184,,1.10735321044922,1.43130600452423,0.616552352905273,0.437453746795654,0.111092761158943,0.16234989464283,2.76926708221436,2017,6.5445309561491,6.72546950161457,2016.0,6.952,-0.3169997711181596,-4.559835602965472,1.08754,0.01981321044922013,1.8218373990124623,1.03938,0.3919260045242301,37.70767231659548,0.61415,0.0024023529052730197,0.3911671261537116,0.40425,0.03320374679565402,8.213666492431422,0.14166,-0.030567238841057012,-21.577889906153473,0.15776,0.004589894642829995,2.909415975424692,0.5612903225806452,Q3: Upper-middle,5.56899976730347,1.06600046157837,0.7806451612903226,0.5161290322580645,0.4967741935483871,0.6129032258064516,0.27741935483870966,0.6387096774193548,14.193548387096778,0.6,-8.387096774193548,0.4064516129032258,9.03225806451613,0.33548387096774196,27.741935483870968,0.25806451612903225,1.9354838709677413
Brazil,,28,6.419,,0.986,1.474,0.675,0.493,0.088,0.11,,2018,,,2017.0,6.63500022888184,-0.21600022888184078,-3.2554667887063826,1.10735321044922,-0.1213532104492201,-10.958852993255036,1.43130600452423,0.04269399547576991,2.9828698643628972,0.616552352905273,0.05844764709472705,9.47975412295717,0.437453746795654,0.055546253204345974,12.69762886047312,0.111092761158943,-0.023092761158943,-20.78691799360685,0.16234989464283,-0.052349894642830005,-32.24510539905175,0.5512820512820513,Q3: Upper-middle,5.566,0.8529999999999998,0.7852564102564102,0.5673076923076923,0.5064102564102564,0.5290322580645161,0.2564102564102564,0.6410256410256411,14.423076923076916,0.6121794871794872,-4.487179487179493,0.38461538461538464,12.179487179487175,0.36451612903225805,16.451612903225808,0.25,0.6410256410256387
Brazil,,32,6.3,,1.004,1.439,0.802,0.39,0.086,0.099,,2019,,,2018.0,6.419,-0.11899999999999977,-1.853871319520171,0.986,0.018000000000000016,1.8255578093306306,1.474,-0.03499999999999992,-2.3744911804613245,0.675,0.127,18.814814814814813,0.493,-0.10299999999999998,-20.89249492900608,0.088,-0.0020000000000000018,-2.2727272727272747,0.11,-0.010999999999999996,-9.999999999999996,0.5416666666666666,Q3: Upper-middle,5.564,0.7359999999999998,0.7307692307692307,0.5256410256410257,0.46153846153846156,0.5096153846153846,0.20192307692307693,0.6474358974358975,8.333333333333325,0.5849358974358974,-5.92948717948717,0.46474358974358976,-0.3205128205128194,0.3173076923076923,19.23076923076923,0.266025641025641,-6.41025641025641
Chile,Latin America and Caribbean,27,6.67,0.058,1.10715,1.12447,0.85857,0.44132,0.12869,0.33363,2.67585,2015,,,,,,,,,,,,,,,,,,,,,,,,,0.6835443037974683,Q3: Upper-middle,5.605,1.0649999999999995,0.6455696202531646,0.7911392405063291,0.5189873417721519,0.5949367088607594,0.810126582278481,0.6265822784810127,1.898734177215189,0.6012658227848101,18.9873417721519,0.35443037974683544,16.455696202531644,0.44936708860759494,14.55696202531645,0.2468354430379747,56.32911392405063
Chile,Latin America and Caribbean,24,6.705,,1.2167,0.90587,0.81883,0.37789,0.11451,0.31595,2.95505,2016,6.615,6.795,2015.0,6.67,0.03500000000000014,0.5247376311844099,1.10715,0.10954999999999981,9.894774872420161,1.12447,-0.21860000000000013,-19.440269638140645,0.85857,-0.03974000000000011,-4.6286266699279155,0.44132,-0.06342999999999999,-14.372790718752828,0.12869,-0.014179999999999998,-11.018727173828578,0.33363,-0.017679999999999974,-5.299283637562562,0.6878980891719745,Q3: Upper-middle,5.648,1.0570000000000004,0.6178343949044586,0.8853503184713376,0.4585987261146497,0.5414012738853503,0.7707006369426752,0.6369426751592356,-1.9108280254777066,0.6050955414012739,28.025477707006374,0.43312101910828027,2.547770700636942,0.445859872611465,9.554140127388532,0.2611464968152866,50.95541401273886
Chile,,20,6.65199995040894,,1.25278460979462,1.28402495384216,0.819479703903198,0.376895278692245,0.0822879821062088,0.326662421226501,2.50958585739136,2017,6.56474934071302,6.73925056010485,2016.0,6.705,-0.05300004959106008,-0.7904556240277418,1.2167,0.03608460979462014,2.9657770851171317,0.90587,0.37815495384216,41.74494727081811,0.81883,0.0006497039031980734,0.07934539564965541,0.37789,-0.0009947213077550199,-0.2632303865556167,0.11451,-0.0322220178937912,-28.13904278560056,0.31595,0.010712421226501012,3.39054319560089,0.6903225806451613,Q3: Upper-middle,5.56899976730347,1.0830001831054696,0.5870967741935483,0.8903225806451613,0.3548387096774194,0.45161290322580644,0.7677419354838709,0.6387096774193548,-5.161290322580648,0.6,29.032258064516135,0.4064516129032258,-5.1612903225806415,0.33548387096774196,11.612903225806448,0.25806451612903225,50.967741935483865
Chile,,25,6.476,,1.131,1.331,0.808,0.431,0.061,0.197,,2018,,,2017.0,6.65199995040894,-0.17599995040894,-2.645820079991435,1.25278460979462,-0.12178460979462002,-9.72111317799356,1.28402495384216,0.046975046157839984,3.6584215919852316,0.819479703903198,-0.011479703903197969,-1.4008527421142845,0.376895278692245,0.05410472130775501,14.355372530929046,0.0822879821062088,-0.021287982106208803,-25.870098599249257,0.326662421226501,-0.129662421226501,-39.69309378766765,0.6858974358974359,Q3: Upper-middle,5.566,0.9100000000000001,0.592948717948718,0.782051282051282,0.38461538461538464,0.34838709677419355,0.6153846153846154,0.6410256410256411,-4.807692307692313,0.6121794871794872,16.987179487179482,0.38461538461538464,0.0,0.36451612903225805,-1.6129032258064502,0.25,36.53846153846154
Chile,,26,6.444,,1.159,1.369,0.92,0.357,0.056,0.187,,2019,,,2018.0,6.476,-0.03200000000000003,-0.4941321803582463,1.131,0.028000000000000025,2.475685234305926,1.331,0.038000000000000034,2.854996243425998,0.808,0.11199999999999999,13.86138613861386,0.431,-0.07400000000000001,-17.169373549883993,0.061,-0.0049999999999999975,-8.196721311475406,0.197,-0.010000000000000009,-5.076142131979699,0.6794871794871795,Q3: Upper-middle,5.564,0.8799999999999999,0.6346153846153846,0.7980769230769231,0.3717948717948718,0.3269230769230769,0.5448717948717948,0.6474358974358975,-1.2820512820512886,0.5849358974358974,21.314102564102576,0.46474358974358976,-9.294871794871796,0.3173076923076923,0.9615384615384637,0.266025641025641,27.88461538461538
Costa Rica,Latin America and Caribbean,12,7.226,0.04454,0.95578,1.23788,0.86027,0.63376,0.10583,0.25497,3.17728,2015,,,,,,,,,,,,,,,,,,,,,,,,,0.5379746835443038,Q3: Upper-middle,5.605,1.6209999999999996,0.8037974683544303,0.7974683544303798,0.930379746835443,0.4936708860759494,0.6582278481012658,0.6265822784810127,17.721518987341767,0.6012658227848101,19.620253164556967,0.35443037974683544,57.59493670886076,0.44936708860759494,4.430379746835444,0.2468354430379747,41.13924050632911
Costa Rica,Latin America and Caribbean,14,7.087,,1.06879,1.02152,0.76146,0.55225,0.10547,0.22553,3.35168,2016,6.999,7.175,2015.0,7.226,-0.13900000000000023,-1.9236091890395828,0.95578,0.11300999999999994,11.823850676934017,1.23788,-0.2163600000000001,-17.478269299124317,0.86027,-0.09880999999999995,-11.485928836295576,0.63376,-0.08150999999999997,-12.861335521332991,0.10583,-0.0003599999999999992,-0.34016819427383466,0.25497,-0.029439999999999966,-11.546456445856364,0.5414012738853503,Q3: Upper-middle,5.648,1.439,0.7515923566878981,0.7707006369426752,0.9044585987261147,0.5031847133757962,0.5095541401273885,0.6369426751592356,11.46496815286625,0.6050955414012739,16.560509554140136,0.43312101910828027,47.13375796178344,0.445859872611465,5.73248407643312,0.2611464968152866,24.840764331210192
Costa Rica,,12,7.0789999961853,,1.10970628261566,1.41640365123749,0.759509265422821,0.580131649971008,0.100106589496136,0.214613229036331,2.89863920211792,2017,6.98988832607865,7.16811166629195,2016.0,7.087,-0.008000003814699674,-0.11288279687737653,1.06879,0.04091628261566016,3.828280823703455,1.02152,0.39488365123749003,38.65647772314688,0.76146,-0.0019507345771789808,-0.2561834603497204,0.55225,0.02788164997100795,5.0487369798113075,0.10547,-0.005363410503863991,-5.085247467397356,0.22553,-0.010916770963668998,-4.840496148480911,0.567741935483871,Q3: Upper-middle,5.56899976730347,1.5100002288818297,0.7548387096774194,0.7870967741935484,0.8709677419354839,0.5870967741935483,0.44516129032258067,0.6387096774193548,11.612903225806459,0.6,18.709677419354843,0.4064516129032258,46.45161290322581,0.33548387096774196,25.161290322580637,0.25806451612903225,18.709677419354843
Costa Rica,,13,7.072,,1.01,1.459,0.817,0.632,0.101,0.143,,2018,,,2017.0,7.0789999961853,-0.006999996185300006,-0.0988839693328455,1.10970628261566,-0.09970628261566006,-8.984925486827464,1.41640365123749,0.04259634876251006,3.0073594293049366,0.759509265422821,0.057490734577178904,7.569457963777919,0.580131649971008,0.05186835002899204,8.940789565882874,0.100106589496136,0.0008934105038640033,0.8924592360610667,0.214613229036331,-0.07161322903633102,-33.368506386066215,0.5737179487179487,Q3: Upper-middle,5.566,1.5060000000000002,0.7403846153846154,0.7884615384615384,0.875,0.603225806451613,0.391025641025641,0.6410256410256411,9.935897435897434,0.6121794871794872,17.62820512820512,0.38461538461538464,49.03846153846153,0.36451612903225805,23.870967741935488,0.25,14.102564102564102
Costa Rica,,12,7.167,,1.034,1.441,0.963,0.558,0.093,0.144,,2019,,,2018.0,7.072,0.09499999999999975,1.3433257918552,1.01,0.02400000000000002,2.3762376237623783,1.459,-0.018000000000000016,-1.233721727210419,0.817,0.14600000000000002,17.8702570379437,0.632,-0.07399999999999995,-11.708860759493664,0.101,-0.008000000000000007,-7.920792079207928,0.143,0.0010000000000000009,0.6993006993007,0.5641025641025641,Q3: Upper-middle,5.564,1.6029999999999998,0.7371794871794872,0.8141025641025641,0.907051282051282,0.5833333333333334,0.36217948717948717,0.6474358974358975,8.974358974358976,0.5849358974358974,22.916666666666675,0.46474358974358976,44.230769230769226,0.3173076923076923,26.60256410256411,0.266025641025641,9.615384615384615
El Salvador,Latin America and Caribbean,42,6.13,0.05618,0.76454,1.02507,0.67737,0.4035,0.11776,0.10692,3.035,2015,,,,,,,,,,,,,,,,,,,,,,,,,0.3924050632911392,Q2: Lower-middle,4.986,1.1440000000000001,0.4936708860759494,0.47468354430379744,0.3987341772151899,0.5379746835443038,0.11392405063291139,0.37341772151898733,12.025316455696206,0.43670886075949367,3.797468354430378,0.4272151898734177,-2.848101265822783,0.3987341772151899,13.924050632911388,0.47468354430379744,-36.075949367088604
El Salvador,Latin America and Caribbean,46,6.068,,0.8737,0.80975,0.596,0.37269,0.10613,0.08877,3.22134,2016,5.967,6.169,2015.0,6.13,-0.06200000000000028,-1.011419249592174,0.76454,0.10916000000000003,14.277866429487016,1.02507,-0.21531999999999996,-21.005394753529025,0.67737,-0.08137000000000005,-12.012637111180013,0.4035,-0.030810000000000004,-7.635687732342008,0.11776,-0.011630000000000001,-9.87601902173913,0.10692,-0.01815,-16.97530864197531,0.3885350318471338,Q2: Lower-middle,5.121,0.9469999999999992,0.45222929936305734,0.4968152866242038,0.4267515923566879,0.5127388535031847,0.10191082802547771,0.4267515923566879,2.547770700636942,0.4267515923566879,7.006369426751591,0.4267515923566879,0.0,0.4140127388535032,9.87261146496815,0.4840764331210191,-38.21656050955414
El Salvador,,45,6.00299978256226,,0.909784495830536,1.18212509155273,0.596018552780151,0.432452529668808,0.0899809598922729,0.0782579854130745,2.7145938873291,2017,5.89736444279552,6.108635122329,2016.0,6.068,-0.06500021743773932,-1.0711967277148866,0.8737,0.03608449583053597,4.130078497257178,0.80975,0.37237509155272996,45.9864268666539,0.596,1.8552780151059878e-05,0.0031128825756811876,0.37269,0.05976252966880796,16.035452968635582,0.10613,-0.01614904010772711,-15.21628201990682,0.08877,-0.010512014586925508,-11.841854891208188,0.3935483870967742,Q2: Lower-middle,5.07399988174438,0.92899990081788,0.4,0.4838709677419355,0.4838709677419355,0.5096774193548387,0.09032258064516129,0.43870967741935485,-3.8709677419354827,0.4258064516129032,5.8064516129032295,0.4645161290322581,1.9354838709677413,0.47096774193548385,3.8709677419354827,0.47096774193548385,-38.064516129032256
El Salvador,,40,6.167,,0.806,1.231,0.639,0.461,0.082,0.065,,2018,,,2017.0,6.00299978256226,0.16400021743773951,2.7319710707658778,0.909784495830536,-0.10378449583053595,-11.407591171994175,1.18212509155273,0.04887490844727016,4.134495477384091,0.596018552780151,0.04298144721984898,7.211427734818051,0.432452529668808,0.028547470331192037,6.601295719799581,0.0899809598922729,-0.00798095989227289,-8.869609639448017,0.0782579854130745,-0.013257985413074491,-16.941383480668403,0.38461538461538464,Q2: Lower-middle,5.125,1.0419999999999998,0.46153846153846156,0.4935897435897436,0.46153846153846156,0.5096774193548387,0.11858974358974358,0.4423076923076923,1.9230769230769273,0.42948717948717946,6.410256410256415,0.5576923076923077,-9.615384615384615,0.4290322580645161,8.064516129032256,0.483974358974359,-36.53846153846154
El Salvador,,35,6.253,,0.794,1.242,0.789,0.43,0.074,0.093,,2019,,,2018.0,6.167,0.0860000000000003,1.394519215177563,0.806,-0.01200000000000001,-1.4888337468982642,1.231,0.010999999999999899,0.8935824532899999,0.639,0.15000000000000002,23.47417840375587,0.461,-0.031000000000000028,-6.724511930585689,0.082,-0.008000000000000007,-9.756097560975618,0.065,0.027999999999999997,43.07692307692307,0.3525641025641026,Q2: Lower-middle,5.1285,1.1245000000000003,0.46794871794871795,0.5032051282051282,0.5256410256410257,0.4166666666666667,0.1794871794871795,0.4567307692307693,1.1217948717948678,0.4310897435897436,7.211538461538458,0.516025641025641,0.9615384615384692,0.39903846153846156,1.762820512820512,0.49038461538461536,-31.08974358974359
Guatemala,Latin America and Caribbean,43,6.123,0.05224,0.74553,1.04356,0.64425,0.57733,0.09472,0.27489,2.74255,2015,,,,,,,,,,,,,,,,,,,,,,,,,0.37341772151898733,Q2: Lower-middle,4.986,1.1370000000000005,0.5316455696202531,0.43037974683544306,0.8037974683544303,0.45569620253164556,0.689873417721519,0.37341772151898733,15.822784810126578,0.43670886075949367,-0.6329113924050611,0.4272151898734177,37.65822784810126,0.3987341772151899,5.696202531645566,0.47468354430379744,21.518987341772156
Guatemala,Latin America and Caribbean,39,6.324,,0.83454,0.87119,0.54039,0.50379,0.08701,0.28808,3.19863,2016,6.213,6.435,2015.0,6.123,0.20099999999999962,3.2827045565899007,0.74553,0.08900999999999992,11.939157377972705,1.04356,-0.17237000000000002,-16.51749779600598,0.64425,-0.10385999999999995,-16.12107101280558,0.57733,-0.07354000000000005,-12.737948833422836,0.09472,-0.007709999999999995,-8.1397804054054,0.27489,0.01318999999999998,4.798282949543446,0.34394904458598724,Q2: Lower-middle,5.121,1.2029999999999994,0.5605095541401274,0.4012738853503185,0.7898089171974523,0.4267515923566879,0.7070063694267515,0.4267515923566879,13.375796178343947,0.4267515923566879,-2.547770700636942,0.4267515923566879,36.30573248407644,0.4140127388535032,1.273885350318471,0.4840764331210191,22.292993630573243
Guatemala,,29,6.4539999961853,,0.872001945972443,1.25558519363403,0.540239989757538,0.531310617923737,0.0772232785820961,0.283488392829895,2.89389109611511,2017,6.34112601965666,6.56687397271395,2016.0,6.324,0.12999999618530023,2.0556609137460504,0.83454,0.03746194597244301,4.488933540925901,0.87119,0.3843951936340301,44.123003435993304,0.54039,-0.00015001024246208416,-0.027759625911301867,0.50379,0.027520617923737056,5.462716195981869,0.08701,-0.009786721417903904,-11.247812226070456,0.28808,-0.004591607170104983,-1.5938653048128932,0.3548387096774194,Q2: Lower-middle,5.07399988174438,1.3800001144409197,0.5096774193548387,0.3935483870967742,0.7741935483870968,0.432258064516129,0.6709677419354839,0.43870967741935485,7.096774193548383,0.4258064516129032,-3.2258064516129004,0.4645161290322581,30.96774193548387,0.47096774193548385,-3.8709677419354827,0.47096774193548385,20.000000000000007
Guatemala,,30,6.382,,0.781,1.268,0.608,0.604,0.071,0.179,,2018,,,2017.0,6.4539999961853,-0.0719999961853004,-1.1155871742772963,0.872001945972443,-0.09100194597244293,-10.435979689352525,1.25558519363403,0.012414806365969921,0.9887665471777225,0.540239989757538,0.06776001024246203,12.542575804666555,0.531310617923737,0.07268938207626296,13.68114613638243,0.0772232785820961,-0.006223278582096106,-8.058811664516595,0.283488392829895,-0.10448839282989503,-36.85808501252906,0.36538461538461536,Q2: Lower-middle,5.125,1.2569999999999997,0.5192307692307693,0.4358974358974359,0.8205128205128205,0.4129032258064516,0.5352564102564102,0.4423076923076923,7.692307692307699,0.42948717948717946,0.6410256410256443,0.5576923076923077,26.282051282051277,0.4290322580645161,-1.6129032258064502,0.483974358974359,5.128205128205127
Guatemala,,27,6.436,,0.8,1.269,0.746,0.535,0.078,0.175,,2019,,,2018.0,6.382,0.05400000000000027,0.8461297398934546,0.781,0.019000000000000017,2.4327784891165196,1.268,0.0009999999999998899,0.07886435331229415,0.608,0.138,22.697368421052634,0.604,-0.06899999999999995,-11.42384105960264,0.071,0.007000000000000006,9.859154929577475,0.179,-0.0040000000000000036,-2.234636871508382,0.358974358974359,Q2: Lower-middle,5.1285,1.3075,0.5,0.4358974358974359,0.8397435897435898,0.44551282051282054,0.47435897435897434,0.4567307692307693,4.326923076923073,0.4310897435897436,0.48076923076922906,0.516025641025641,32.371794871794876,0.39903846153846156,4.647435897435898,0.49038461538461536,-1.6025641025641024
Kyrgyzstan,Central and Eastern Europe,77,5.286,0.03823,0.47428,1.15115,0.65088,0.43477,0.04232,0.3003,2.2327,2015,,,,,,,,,,,,,,,,,,,,,,,,,0.24050632911392406,Q1: Lowest,4.292,0.9939999999999998,0.6835443037974683,0.43670886075949367,0.5,0.17088607594936708,0.740506329113924,0.2088607594936709,47.46835443037975,0.16455696202531644,27.21518987341772,0.37341772151898733,12.658227848101266,0.5063291139240507,-33.54430379746836,0.5253164556962026,21.518987341772146
Kyrgyzstan,Central and Eastern Europe,85,5.185,,0.56044,0.95434,0.55449,0.40212,0.04762,0.38432,2.28136,2016,5.103,5.267,2015.0,5.286,-0.10099999999999998,-1.9107075293227391,0.47428,0.08616000000000007,18.166483933541382,1.15115,-0.19680999999999993,-17.096816227251004,0.65088,-0.09638999999999998,-14.8091814159292,0.43477,-0.03265000000000001,-7.5097177818156755,0.04232,0.005299999999999999,12.523629489603023,0.3003,0.08401999999999998,27.978687978687972,0.21656050955414013,Q1: Lowest,4.073,1.1119999999999992,0.6815286624203821,0.4140127388535032,0.5159235668789809,0.17197452229299362,0.8535031847133758,0.21019108280254778,47.13375796178344,0.1464968152866242,26.751592356687905,0.37579617834394907,14.012738853503182,0.47770700636942676,-30.573248407643316,0.5668789808917197,28.66242038216561
Kyrgyzstan,,98,5.00400018692017,,0.596220076084137,1.39423859119415,0.553457796573639,0.454943388700485,0.0394391790032387,0.42858037352562,1.53672313690186,2017,4.91808047071099,5.08991990312934,2016.0,5.185,-0.18099981307983004,-3.490835353516491,0.56044,0.035780076084136914,6.3842830783200535,0.95434,0.43989859119415,46.09453561562441,0.55449,-0.0010322034263610114,-0.18615365946383367,0.40212,0.05282338870048503,13.136225181658467,0.04762,-0.008180820996761304,-17.179380505588625,0.38432,0.04426037352562001,11.516541820779562,0.21935483870967742,Q1: Lowest,4.05649995803833,0.9475002288818395,0.7161290322580646,0.41935483870967744,0.5612903225806452,0.14838709677419354,0.9032258064516129,0.19032258064516128,52.58064516129033,0.14516129032258063,27.41935483870968,0.37419354838709673,18.709677419354843,0.5,-35.16129032258065,0.5903225806451613,31.290322580645157
Kyrgyzstan,,92,5.131,,0.53,1.416,0.594,0.54,0.035,0.281,,2018,,,2017.0,5.00400018692017,0.12699981307983066,2.5379657940819484,0.596220076084137,-0.06622007608413694,-11.10664983290367,1.39423859119415,0.02176140880584998,1.5608095302549023,0.553457796573639,0.040542203426360945,7.3252565375988326,0.454943388700485,0.08505661129951503,18.69608690049843,0.0394391790032387,-0.0044391790032386955,-11.255759159880471,0.42858037352562,-0.14758037352561998,-34.43470178337455,0.1987179487179487,Q1: Lowest,4.245,0.8860000000000001,0.6666666666666666,0.3974358974358974,0.6538461538461539,0.17096774193548386,0.8461538461538461,0.19230769230769232,47.43589743589743,0.1346153846153846,26.282051282051277,0.3557692307692308,29.807692307692307,0.4838709677419355,-31.290322580645164,0.5961538461538461,25.0
Kyrgyzstan,,86,5.261,,0.551,1.438,0.723,0.508,0.023,0.3,,2019,,,2018.0,5.131,0.1299999999999999,2.5336191775482337,0.53,0.02100000000000002,3.9622641509433993,1.416,0.02200000000000002,1.5536723163841824,0.594,0.129,21.71717171717172,0.54,-0.03200000000000003,-5.925925925925931,0.035,-0.012000000000000004,-34.28571428571429,0.281,0.01899999999999996,6.761565836298917,0.21794871794871795,Q1: Lowest,4.374,0.8870000000000005,0.7211538461538461,0.40064102564102566,0.7628205128205128,0.07051282051282051,0.9102564102564102,0.1858974358974359,53.52564102564102,0.14102564102564102,25.961538461538463,0.33974358974358976,42.3076923076923,0.5224358974358975,-45.1923076923077,0.6153846153846154,29.487179487179482
Mexico,Latin America and Caribbean,14,7.187,0.04176,1.02054,0.91451,0.81444,0.48181,0.21312,0.14074,3.60214,2015,,,,,,,,,,,,,,,,,,,,,,,,,0.6075949367088608,Q3: Upper-middle,5.605,1.5819999999999999,0.3227848101265823,0.7658227848101266,0.6075949367088608,0.810126582278481,0.23417721518987342,0.6265822784810127,-30.37974683544304,0.6012658227848101,16.455696202531644,0.35443037974683544,25.31645569620253,0.44936708860759494,36.075949367088604,0.2468354430379747,-1.2658227848101278
Mexico,Latin America and Caribbean,21,6.778,,1.11508,0.7146,0.71143,0.37709,0.18355,0.11735,3.55906,2016,6.68,6.876,2015.0,7.187,-0.4090000000000007,-5.690830666481156,1.02054,0.09454000000000007,9.263723126972003,0.91451,-0.19991000000000003,-21.85979376934096,0.81444,-0.10301000000000005,-12.647954422670797,0.48181,-0.10472000000000004,-21.734708702600617,0.21312,-0.029570000000000013,-13.874812312312319,0.14074,-0.023390000000000008,-16.61929799630525,0.5987261146496815,Q3: Upper-middle,5.648,1.13,0.3184713375796178,0.732484076433121,0.45222929936305734,0.7834394904458599,0.1592356687898089,0.6369426751592356,-31.84713375796178,0.6050955414012739,12.73885350318471,0.43312101910828027,1.9108280254777066,0.445859872611465,33.75796178343949,0.2611464968152866,-10.191082802547772
Mexico,,25,6.57800006866455,,1.15318381786346,1.210862159729,0.709978997707367,0.412730008363724,0.132774114608765,0.120990432798862,2.83715486526489,2017,6.48485122963786,6.67114890769124,2016.0,6.778,-0.1999999313354497,-2.9507219140668295,1.11508,0.03810381786345984,3.4171375922319327,0.7146,0.4962621597289999,69.44614605779455,0.71143,-0.0014510022926329524,-0.20395573600114592,0.37709,0.035640008363723996,9.451326835430269,0.18355,-0.05077588539123498,-27.66324456073821,0.11735,0.0036404327988620033,3.102200936397106,0.6064516129032258,Q3: Upper-middle,5.56899976730347,1.0090003013610795,0.432258064516129,0.7290322580645161,0.44516129032258067,0.6967741935483871,0.18064516129032257,0.6387096774193548,-20.645161290322577,0.6,12.903225806451612,0.4064516129032258,3.8709677419354884,0.33548387096774196,36.12903225806451,0.25806451612903225,-7.741935483870968
Mexico,,24,6.488,,1.038,1.252,0.761,0.479,0.095,0.069,,2018,,,2017.0,6.57800006866455,-0.09000006866454946,-1.3681980499404442,1.15318381786346,-0.11518381786345988,-9.988331095112363,1.210862159729,0.04113784027100009,3.3974007644443236,0.709978997707367,0.051021002292632955,7.1862692357644,0.412730008363724,0.066269991636276,16.05649947746825,0.132774114608765,-0.03777411460876501,-28.449908869715312,0.120990432798862,-0.051990432798861994,-42.970697431335246,0.6217948717948718,Q3: Upper-middle,5.566,0.9220000000000006,0.5,0.7371794871794872,0.4935897435897436,0.5709677419354838,0.1282051282051282,0.6410256410256411,-14.102564102564108,0.6121794871794872,12.5,0.38461538461538464,10.897435897435898,0.36451612903225805,20.645161290322577,0.25,-12.17948717948718
Mexico,,23,6.595,,1.07,1.323,0.861,0.433,0.073,0.074,,2019,,,2018.0,6.488,0.10699999999999932,1.6491985203452422,1.038,0.03200000000000003,3.0828516377649353,1.252,0.07099999999999995,5.670926517571881,0.761,0.09999999999999998,13.140604467805517,0.479,-0.045999999999999985,-9.60334029227557,0.095,-0.022000000000000006,-23.15789473684211,0.069,0.0049999999999999906,7.246376811594189,0.6282051282051282,Q3: Upper-middle,5.564,1.0309999999999997,0.5769230769230769,0.6923076923076923,0.5448717948717948,0.40705128205128205,0.11217948717948718,0.6474358974358975,-7.05128205128206,0.5849358974358974,10.737179487179493,0.46474358974358976,8.012820512820507,0.3173076923076923,8.974358974358976,0.266025641025641,-15.384615384615385
Nicaragua,Latin America and Caribbean,57,5.828,0.05371,0.59325,1.14184,0.74314,0.55475,0.19317,0.27815,2.32407,2015,,,,,,,,,,,,,,,,,,,,,,,,,0.2721518987341772,Q2: Lower-middle,4.986,0.8420000000000005,0.6708860759493671,0.6392405063291139,0.759493670886076,0.7911392405063291,0.6962025316455697,0.37341772151898733,29.746835443037977,0.43670886075949367,20.253164556962023,0.4272151898734177,33.22784810126583,0.3987341772151899,39.24050632911392,0.47468354430379744,22.151898734177223
Nicaragua,Latin America and Caribbean,48,5.992,,0.69384,0.89521,0.65213,0.46582,0.16292,0.29773,2.82428,2016,5.877,6.107,2015.0,5.828,0.1639999999999997,2.8140013726835913,0.59325,0.10058999999999996,16.95575221238937,1.14184,-0.24663000000000002,-21.599348420093886,0.74314,-0.09101000000000004,-12.246682993783141,0.55475,-0.08892999999999995,-16.030644434429917,0.19317,-0.03025,-15.659781539576537,0.27815,0.019579999999999986,7.039367247887824,0.2802547770700637,Q2: Lower-middle,5.121,0.8709999999999996,0.6114649681528662,0.6369426751592356,0.7133757961783439,0.7133757961783439,0.7197452229299363,0.4267515923566879,18.47133757961783,0.4267515923566879,21.019108280254773,0.4267515923566879,28.6624203821656,0.4140127388535032,29.93630573248407,0.4840764331210191,23.566878980891715
Nicaragua,,43,6.07100009918213,,0.737299203872681,1.28721570968628,0.653095960617065,0.447551846504211,0.130687981843948,0.301674216985703,2.51393055915833,2017,5.95541659802198,6.18658360034227,2016.0,5.992,0.0790000991821298,1.3184262213306042,0.69384,0.043459203872680985,6.263577175239391,0.89521,0.39200570968628,43.78924606363647,0.65213,0.0009659606170649981,0.14812393496158713,0.46582,-0.01826815349578903,-3.921719440081797,0.16292,-0.032232018156052006,-19.783954183680336,0.29773,0.00394421698570302,1.3247630355365665,0.2903225806451613,Q2: Lower-middle,5.07399988174438,0.9970002174377495,0.6129032258064516,0.6451612903225806,0.5290322580645161,0.6903225806451613,0.7096774193548387,0.43870967741935485,17.419354838709676,0.4258064516129032,21.935483870967744,0.4645161290322581,6.451612903225806,0.47096774193548385,21.935483870967744,0.47096774193548385,23.870967741935488
Nicaragua,,41,6.141,,0.668,1.319,0.7,0.527,0.128,0.208,,2018,,,2017.0,6.07100009918213,0.06999990081787022,1.1530209137585161,0.737299203872681,-0.06929920387268096,-9.399061264231035,1.28721570968628,0.03178429031371999,2.4692279681287026,0.653095960617065,0.04690403938293497,7.181799032812668,0.447551846504211,0.07944815349578904,17.7517206366931,0.130687981843948,-0.0026879818439480008,-2.056793444983845,0.301674216985703,-0.09367421698570302,-31.05144944824451,0.28205128205128205,Q2: Lower-middle,5.125,1.016,0.5769230769230769,0.6378205128205128,0.5961538461538461,0.7129032258064516,0.6730769230769231,0.4423076923076923,13.461538461538458,0.42948717948717946,20.833333333333332,0.5576923076923077,3.8461538461538436,0.4290322580645161,28.387096774193548,0.483974358974359,18.910256410256416
Nicaragua,,45,6.105,,0.694,1.325,0.835,0.435,0.127,0.2,,2019,,,2018.0,6.141,-0.03599999999999959,-0.5862237420615468,0.668,0.025999999999999912,3.8922155688622615,1.319,0.006000000000000005,0.45489006823351064,0.7,0.135,19.28571428571429,0.527,-0.09200000000000003,-17.457305502846303,0.128,-0.0010000000000000009,-0.7812500000000007,0.208,-0.00799999999999998,-3.8461538461538365,0.30128205128205127,Q2: Lower-middle,5.1285,0.9765000000000006,0.5833333333333334,0.6474358974358975,0.5512820512820513,0.7051282051282052,0.5993589743589743,0.4567307692307693,12.660256410256409,0.4310897435897436,21.634615384615387,0.516025641025641,3.5256410256410353,0.39903846153846156,30.60897435897436,0.49038461538461536,10.897435897435898
Panama,Latin America and Caribbean,25,6.786,0.0491,1.06353,1.1985,0.79661,0.5421,0.0927,0.24434,2.84848,2015,,,,,,,,,,,,,,,,,,,,,,,,,0.6708860759493671,Q3: Upper-middle,5.605,1.1809999999999992,0.7215189873417721,0.7341772151898734,0.7341772151898734,0.44936708860759494,0.620253164556962,0.6265822784810127,9.493670886075945,0.6012658227848101,13.291139240506332,0.35443037974683544,37.9746835443038,0.44936708860759494,0.0,0.2468354430379747,37.34177215189873
Panama,Latin America and Caribbean,25,6.701,,1.18306,0.98912,0.70835,0.48927,0.08423,0.2418,3.00559,2016,6.601,6.801,2015.0,6.786,-0.08499999999999996,-1.2525788387857348,1.06353,0.11952999999999991,11.238987146577898,1.1985,-0.2093799999999999,-17.470171047142255,0.79661,-0.08826,-11.079449165840249,0.5421,-0.052830000000000044,-9.745434421693421,0.0927,-0.008470000000000005,-9.137001078748657,0.24434,-0.0025400000000000145,-1.0395350740771117,0.6751592356687898,Q3: Upper-middle,5.648,1.053,0.7133757961783439,0.7261146496815286,0.7707006369426752,0.40764331210191085,0.5796178343949044,0.6369426751592356,7.643312101910826,0.6050955414012739,12.101910828025474,0.43312101910828027,33.75796178343949,0.445859872611465,-3.821656050955413,0.2611464968152866,31.84713375796178
Panama,,30,6.4520001411438,,1.23374843597412,1.37319254875183,0.706156134605408,0.550026834011078,0.070983923971653,0.21055693924427,2.30719995498657,2017,6.34686956614256,6.55713071614504,2016.0,6.701,-0.2489998588561999,-3.7158611976749722,1.18306,0.05068843597411998,4.284519464280763,0.98912,0.38407254875182995,38.82972225329889,0.70835,-0.0021938653945919873,-0.30971488594508184,0.48927,0.06075683401107801,12.41785394793836,0.08423,-0.013246076028347,-15.726078627979343,0.2418,-0.031243060755729996,-12.92103422486766,0.6838709677419355,Q3: Upper-middle,5.56899976730347,0.8830003738403294,0.6709677419354839,0.7161290322580646,0.8064516129032258,0.3741935483870968,0.43870967741935485,0.6387096774193548,3.2258064516129115,0.6,11.612903225806459,0.4064516129032258,40.0,0.33548387096774196,3.8709677419354827,0.25806451612903225,18.06451612903226
Panama,,27,6.43,,1.112,1.438,0.759,0.597,0.063,0.125,,2018,,,2017.0,6.4520001411438,-0.0220001411438,-0.3409817213658624,1.23374843597412,-0.12174843597411988,-9.868173480438259,1.37319254875183,0.06480745124817,4.719472976100624,0.706156134605408,0.05284386539459196,7.4833118066899615,0.550026834011078,0.04697316598892198,8.54015896758519,0.070983923971653,-0.007983923971652998,-11.247510034583788,0.21055693924427,-0.08555693924426999,-40.63363551510132,0.6666666666666666,Q3: Upper-middle,5.566,0.8639999999999999,0.6987179487179487,0.7307692307692307,0.8108974358974359,0.36451612903225805,0.3141025641025641,0.6410256410256411,5.769230769230759,0.6121794871794872,11.85897435897435,0.38461538461538464,42.628205128205124,0.36451612903225805,0.0,0.25,6.41025641025641
Panama,,31,6.321,,1.149,1.442,0.91,0.516,0.054,0.109,,2019,,,2018.0,6.43,-0.10899999999999999,-1.6951788491446345,1.112,0.03699999999999992,3.3273381294963955,1.438,0.0040000000000000036,0.27816411682892933,0.759,0.15100000000000002,19.894598155467726,0.597,-0.08099999999999996,-13.567839195979895,0.063,-0.009000000000000001,-14.285714285714288,0.125,-0.016,-12.8,0.6666666666666666,Q3: Upper-middle,5.564,0.7569999999999997,0.7435897435897436,0.7756410256410257,0.7916666666666666,0.2948717948717949,0.2564102564102564,0.6474358974358975,9.615384615384615,0.5849358974358974,19.070512820512832,0.46474358974358976,32.692307692307686,0.3173076923076923,-2.243589743589741,0.266025641025641,-0.9615384615384637
Uzbekistan,Central and Eastern Europe,44,6.003,0.04361,0.63244,1.34043,0.59772,0.65821,0.30826,0.22837,2.23741,2015,,,,,,,,,,,,,,,,,,,,,,,,,0.310126582278481,Q2: Lower-middle,4.986,1.0170000000000003,0.9746835443037974,0.33544303797468356,0.9746835443037974,0.8670886075949367,0.5632911392405063,0.37341772151898733,60.12658227848101,0.43670886075949367,-10.126582278481012,0.4272151898734177,54.74683544303798,0.3987341772151899,46.83544303797468,0.47468354430379744,8.860759493670889
Uzbekistan,Central and Eastern Europe,49,5.987,,0.73591,1.1681,0.50163,0.60848,0.28333,0.34326,2.34638,2016,5.896,6.078,2015.0,6.003,-0.016000000000000014,-0.26653339996668357,0.63244,0.10346999999999995,16.360445259629365,1.34043,-0.1723300000000001,-12.856322224957669,0.59772,-0.09609000000000001,-16.076089138727166,0.65821,-0.04972999999999994,-7.555339481320543,0.30826,-0.024929999999999952,-8.08732887821967,0.22837,0.11489000000000002,50.30870955029121,0.2929936305732484,Q2: Lower-middle,5.121,0.8659999999999997,0.9872611464968153,0.3375796178343949,1.0,0.8598726114649682,0.8089171974522293,0.4267515923566879,56.05095541401274,0.4267515923566879,-8.917197452229303,0.4267515923566879,57.324840764331206,0.4140127388535032,44.5859872611465,0.4840764331210191,32.484076433121025
Uzbekistan,,47,5.97100019454956,,0.786441087722778,1.54896914958954,0.498272627592087,0.658248662948608,0.246528223156929,0.415983647108078,1.81691360473633,2017,5.876462816149,6.06553757295012,2016.0,5.987,-0.01599980545044044,-0.26724244948121667,0.73591,0.050531087722778034,6.86647656952318,1.1681,0.38086914958954,32.60586846926976,0.50163,-0.0033573724079130063,-0.6692925877465475,0.60848,0.049768662948607933,8.179178107515108,0.28333,-0.03680177684307104,-12.989015227145389,0.34326,0.072723647108078,21.186169990117694,0.3096774193548387,Q2: Lower-middle,5.07399988174438,0.8970003128051793,0.9806451612903225,0.33548387096774196,1.0,0.8451612903225807,0.8838709677419355,0.43870967741935485,54.19354838709677,0.4258064516129032,-9.032258064516125,0.4645161290322581,53.548387096774185,0.47096774193548385,37.41935483870969,0.47096774193548385,41.29032258064517
Uzbekistan,,44,6.096,,0.719,1.584,0.605,0.724,0.259,0.328,,2018,,,2017.0,5.97100019454956,0.12499980545044043,2.093448356684741,0.786441087722778,-0.06744108772277801,-8.575478669109305,1.54896914958954,0.03503085041046017,2.2615589483975818,0.498272627592087,0.10672737240791297,21.41947329590936,0.658248662948608,0.06575133705139202,9.988829564326132,0.246528223156929,0.01247177684307102,5.05896512916983,0.415983647108078,-0.08798364710807799,-21.150746602598705,0.32051282051282054,Q2: Lower-middle,5.125,0.9710000000000001,0.9743589743589743,0.42948717948717946,1.0,0.8903225806451613,0.9166666666666666,0.4423076923076923,53.205128205128204,0.42948717948717946,0.0,0.5576923076923077,44.230769230769226,0.4290322580645161,46.12903225806452,0.483974358974359,43.26923076923077
Uzbekistan,,41,6.174,,0.745,1.529,0.756,0.631,0.24,0.322,,2019,,,2018.0,6.096,0.07800000000000029,1.279527559055123,0.719,0.026000000000000023,3.616133518776081,1.584,-0.05500000000000016,-3.472222222222232,0.605,0.15100000000000002,24.958677685950416,0.724,-0.09299999999999997,-12.845303867403313,0.259,-0.019000000000000017,-7.335907335907342,0.328,-0.006000000000000005,-1.8292682926829285,0.3269230769230769,Q2: Lower-middle,5.1285,1.0455000000000005,0.9358974358974359,0.44871794871794873,1.0,0.8910256410256411,0.9198717948717948,0.4567307692307693,47.916666666666664,0.4310897435897436,1.762820512820512,0.516025641025641,48.397435897435905,0.39903846153846156,49.19871794871795,0.49038461538461536,42.94871794871795
